﻿"Cod birou electoral",Județ,Uat,Siruta,Localitate,Secție,Nr,Tip,Versiune,a,b,b1,b2,c,c1,c2,d,d1,d2,e1,e2,e3,e4,e5,e6,e7,e8,e9,e10,e11,e12,e13,e14
48,STRĂINĂTATE,ROMANIA,9999,BUCUREȘTI,"BIROUL ELECTORAL PENTRU VOTUL PRIN CORESPONDENȚĂ NR. 1",1,"Alegeri Prezidentiale prin corespondenta",2,0,7649,7103,546,7103,7103,0,7103,7085,18,3265,451,2851,16,69,15,19,10,3,195,20,93,10,68
48,STRĂINĂTATE,ROMANIA,9999,BUCUREȘTI,"BIROUL ELECTORAL PENTRU VOTUL PRIN CORESPONDENȚĂ NR. 2",2,"Alegeri Prezidentiale prin corespondenta",1,0,7697,7179,518,7179,7176,3,7179,7156,23,3288,495,2835,25,81,13,10,11,4,191,16,104,14,69
48,STRĂINĂTATE,"AFRICA DE SUD",9999,PRETORIA,PRETORIA,3,"Alegeri Prezidentiale prin corespondenta",1,0,0,0,0,0,0,0,0,0,0,0,0,0,0,0,0,0,0,0,0,0,0,0,0
48,STRĂINĂTATE,ROMANIA,9999,BUCUREȘTI,"BIROUL ELECTORAL PENTRU VOTUL PRIN CORESPONDENȚĂ NR. 3",3,"Alegeri Prezidentiale prin corespondenta",1,0,7608,6808,800,6808,6748,60,6808,6748,60,3195,350,2675,24,80,10,13,14,4,189,25,99,14,56
48,STRĂINĂTATE,"AFRICA DE SUD",9999,"CAPE TOWN","CAPE TOWN",4,"Alegeri Prezidentiale prin corespondenta",1,0,0,0,0,0,0,0,0,0,0,0,0,0,0,0,0,0,0,0,0,0,0,0,0
48,STRĂINĂTATE,"ARABIA SAUDITA",9999,RIAD,RIAD,8,"Alegeri Prezidentiale prin corespondenta",3,0,2,2,0,2,2,0,2,2,0,2,0,0,0,0,0,0,0,0,0,0,0,0,0
48,STRĂINĂTATE,AUSTRALIA,9999,CANBERRA,CANBERRA,11,"Alegeri Prezidentiale prin corespondenta",1,0,2,2,0,2,2,0,2,2,0,1,0,1,0,0,0,0,0,0,0,0,0,0,0
48,STRĂINĂTATE,AUSTRALIA,9999,MELBOURNE,MELBOURNE,12,"Alegeri Prezidentiale prin corespondenta",2,0,0,0,0,0,0,0,0,0,0,0,0,0,0,0,0,0,0,0,0,0,0,0,0
48,STRĂINĂTATE,AUSTRALIA,9999,SYDNEY,SYDNEY,15,"Alegeri Prezidentiale prin corespondenta",1,0,4,4,0,4,4,0,4,4,0,2,0,2,0,0,0,0,0,0,0,0,0,0,0
48,STRĂINĂTATE,AUSTRIA,9999,VIENA,VIENA,18,"Alegeri Prezidentiale prin corespondenta",1,0,99,97,2,97,95,2,95,95,0,41,10,41,0,0,0,0,0,0,1,0,1,0,1
48,STRĂINĂTATE,BELGIA,9999,BRUXELLES,BRUXELLES,39,"Alegeri Prezidentiale prin corespondenta",2,0,212,207,5,207,207,0,207,207,0,66,14,114,2,1,0,0,1,0,5,0,3,0,1
48,STRĂINĂTATE,BRAZILIA,9999,BRASILIA,BRASILIA,61,"Alegeri Prezidentiale prin corespondenta",1,0,2,2,0,2,2,0,2,2,0,1,1,0,0,0,0,0,0,0,0,0,0,0,0
48,STRĂINĂTATE,BRAZILIA,9999,"RIO DE JANEIRO","RIO DE JANEIRO",62,"Alegeri Prezidentiale prin corespondenta",1,0,0,0,0,0,0,0,0,0,0,0,0,0,0,0,0,0,0,0,0,0,0,0,0
48,STRĂINĂTATE,BULGARIA,9999,SOFIA,SOFIA,63,"Alegeri Prezidentiale prin corespondenta",1,0,0,0,0,0,0,0,0,0,0,0,0,0,0,0,0,0,0,0,0,0,0,0,0
48,STRĂINĂTATE,CANADA,9999,OTTAWA,OTTAWA,64,"Alegeri Prezidentiale prin corespondenta",1,0,2,2,0,2,2,0,2,2,0,2,0,0,0,0,0,0,0,0,0,0,0,0,0
48,STRĂINĂTATE,CANADA,9999,VANCOUVER,VANCOUVER,68,"Alegeri Prezidentiale prin corespondenta",2,0,5,5,0,5,5,0,5,5,0,3,2,0,0,0,0,0,0,0,0,0,0,0,0
48,STRĂINĂTATE,CANADA,9999,MONTREAL,MONTREAL,69,"Alegeri Prezidentiale prin corespondenta",1,0,32,32,0,32,0,32,32,32,0,18,9,4,0,0,0,0,0,0,0,0,0,0,1
48,STRĂINĂTATE,CANADA,9999,TORONTO,TORONTO,71,"Alegeri Prezidentiale prin corespondenta",1,0,31,31,0,31,31,0,31,31,0,18,1,12,0,0,0,0,0,0,0,0,0,0,0
48,STRĂINĂTATE,"REPUBLICA CEHA",9999,PRAGA,PRAGA,73,"Alegeri Prezidentiale prin corespondenta",1,0,13,12,1,12,12,0,12,12,0,9,0,3,0,0,0,0,0,0,0,0,0,0,0
48,STRĂINĂTATE,COLUMBIA,9999,BOGOTA,BOGOTA,75,"Alegeri Prezidentiale prin corespondenta",1,0,2,2,0,2,2,0,2,2,0,0,0,2,0,0,0,0,0,0,0,0,0,0,0
48,STRĂINĂTATE,"REPUBLICA COREEA",9999,SEOUL,SEOUL,77,"Alegeri Prezidentiale prin corespondenta",1,0,2,2,0,2,2,0,2,2,0,1,0,1,0,0,0,0,0,0,0,0,0,0,0
48,STRĂINĂTATE,CHILE,9999,"SANTIAGO DE CHILE","SANTIAGO DE CHILE",78,"Alegeri Prezidentiale prin corespondenta",2,0,1,1,0,1,1,0,1,1,0,1,0,0,0,0,0,0,0,0,0,0,0,0,0
48,STRĂINĂTATE,CHINA,9999,BEIJING,BEIJING,80,"Alegeri Prezidentiale prin corespondenta",2,0,1,1,0,1,1,0,1,1,0,1,0,0,0,0,0,0,0,0,0,0,0,0,0
48,STRĂINĂTATE,CHINA,9999,SHANGHAI,SHANGHAI,81,"Alegeri Prezidentiale prin corespondenta",1,0,0,0,0,0,0,0,0,0,0,0,0,0,0,0,0,0,0,0,0,0,0,0,0
48,STRĂINĂTATE,CHINA,9999,"HONG KONG","HONG KONG",82,"Alegeri Prezidentiale prin corespondenta",1,0,0,0,0,0,0,0,0,0,0,0,0,0,0,0,0,0,0,0,0,0,0,0,0
48,STRĂINĂTATE,CIPRU,9999,NICOSIA,NICOSIA,83,"Alegeri Prezidentiale prin corespondenta",2,0,3,3,0,3,3,0,3,3,0,0,2,1,0,0,0,0,0,0,0,0,0,0,0
48,STRĂINĂTATE,DANEMARCA,9999,COPENHAGA,COPENHAGA,91,"Alegeri Prezidentiale prin corespondenta",1,0,65,62,3,62,62,0,62,62,0,17,4,34,0,0,1,2,0,0,4,0,0,0,0
48,STRĂINĂTATE,EGIPT,9999,CAIRO,CAIRO,103,"Alegeri Prezidentiale prin corespondenta",2,0,0,0,0,0,0,0,0,0,0,0,0,0,0,0,0,0,0,0,0,0,0,0,0
48,STRĂINĂTATE,ELVETIA,9999,BERNA,BERNA,106,"Alegeri Prezidentiale prin corespondenta",2,0,208,208,0,208,204,4,204,204,0,98,11,87,0,0,1,0,0,0,6,0,0,0,1
48,STRĂINĂTATE,"EMIRATELE ARABE UNITE",9999,"ABU DHABI","ABU DHABI",112,"Alegeri Prezidentiale prin corespondenta",1,0,0,0,0,0,0,0,0,0,0,0,0,0,0,0,0,0,0,0,0,0,0,0,0
48,STRĂINĂTATE,"EMIRATELE ARABE UNITE",9999,DUBAI,DUBAI,113,"Alegeri Prezidentiale prin corespondenta",3,0,2,2,0,2,2,0,2,2,0,0,0,2,0,0,0,0,0,0,0,0,0,0,0
48,STRĂINĂTATE,FINLANDA,9999,HELSINKI,HELSINKI,118,"Alegeri Prezidentiale prin corespondenta",1,0,15,15,0,15,15,0,15,15,0,4,3,8,0,0,0,0,0,0,0,0,0,0,0
48,STRĂINĂTATE,FRANTA,9999,PARIS,PARIS,121,"Alegeri Prezidentiale prin corespondenta",1,0,139,132,7,132,132,0,132,132,0,57,11,60,0,0,0,0,0,0,4,0,0,0,0
48,STRĂINĂTATE,FRANTA,9999,LYON,LYON,154,"Alegeri Prezidentiale prin corespondenta",1,0,23,23,0,23,23,0,23,23,0,8,2,12,0,0,0,0,1,0,0,0,0,0,0
48,STRĂINĂTATE,FRANTA,9999,STRASBOURG,STRASBOURG,160,"Alegeri Prezidentiale prin corespondenta",1,0,25,25,0,25,25,0,25,25,0,10,6,8,0,0,0,0,0,0,1,0,0,0,0
48,STRĂINĂTATE,FRANTA,9999,MARSILIA,MARSILIA,163,"Alegeri Prezidentiale prin corespondenta",1,0,17,15,2,15,14,1,17,14,3,8,0,6,0,0,0,0,0,0,0,0,0,0,0
48,STRĂINĂTATE,GERMANIA,9999,BERLIN,BERLIN,172,"Alegeri Prezidentiale prin corespondenta",2,0,109,106,3,106,103,3,106,105,1,50,2,49,0,0,0,0,0,0,3,0,1,0,0
48,STRĂINĂTATE,GERMANIA,9999,BONN,BONN,186,"Alegeri Prezidentiale prin corespondenta",3,0,92,0,92,0,0,0,0,0,0,0,0,0,0,0,0,0,0,0,0,0,0,0,0
48,STRĂINĂTATE,GERMANIA,9999,STUTTGART,STUTTGART,206,"Alegeri Prezidentiale prin corespondenta",2,0,14,14,0,14,14,0,14,14,0,4,0,10,0,0,0,0,0,0,0,0,0,0,0
48,STRĂINĂTATE,GERMANIA,9999,MÜNCHEN,MÜNCHEN,228,"Alegeri Prezidentiale prin corespondenta",1,0,226,222,4,222,218,4,222,218,4,98,22,91,0,0,0,0,0,0,6,0,1,0,0
48,STRĂINĂTATE,GRECIA,9999,ATENA,ATENA,252,"Alegeri Prezidentiale prin corespondenta",2,0,2,2,0,2,2,0,2,2,0,0,0,2,0,0,0,0,0,0,0,0,0,0,0
48,STRĂINĂTATE,GRECIA,9999,SALONIC,SALONIC,261,"Alegeri Prezidentiale prin corespondenta",4,0,2,2,0,2,2,0,2,2,0,0,2,0,0,0,0,0,0,0,0,0,0,0,0
48,STRĂINĂTATE,INDIA,9999,"NEW DELHI","NEW DELHI",264,"Alegeri Prezidentiale prin corespondenta",2,0,1,1,0,1,1,0,1,1,0,0,0,1,0,0,0,0,0,0,0,0,0,0,0
48,STRĂINĂTATE,"REPUBLICA INDONEZIA",9999,JAKARTA,JAKARTA,265,"Alegeri Prezidentiale prin corespondenta",2,0,0,0,0,0,0,0,0,0,0,0,0,0,0,0,0,0,0,0,0,0,0,0,0
48,STRĂINĂTATE,IRLANDA,9999,DUBLIN,DUBLIN,273,"Alegeri Prezidentiale prin corespondenta",4,0,68,68,0,68,67,1,67,67,0,25,8,27,0,2,0,0,0,0,2,1,0,1,1
48,STRĂINĂTATE,ISRAEL,9999,"TEL AVIV","TEL AVIV",282,"Alegeri Prezidentiale prin corespondenta",2,0,2,2,0,2,2,0,2,2,0,2,0,0,0,0,0,0,0,0,0,0,0,0,0
48,STRĂINĂTATE,ISRAEL,9999,HAIFA,HAIFA,285,"Alegeri Prezidentiale prin corespondenta",1,0,0,0,0,0,0,0,0,0,0,0,0,0,0,0,0,0,0,0,0,0,0,0,0
48,STRĂINĂTATE,ITALIA,9999,ROMA,ROMA,287,"Alegeri Prezidentiale prin corespondenta",1,0,29,28,1,28,27,1,27,27,0,15,3,6,0,0,0,0,0,0,1,0,1,0,1
48,STRĂINĂTATE,ITALIA,9999,TRIESTE,TRIESTE,309,"Alegeri Prezidentiale prin corespondenta",1,0,3,2,1,2,2,0,2,2,0,1,0,1,0,0,0,0,0,0,0,0,0,0,0
48,STRĂINĂTATE,ITALIA,9999,BARI,BARI,329,"Alegeri Prezidentiale prin corespondenta",1,0,1,1,0,1,1,0,1,1,0,1,0,0,0,0,0,0,0,0,0,0,0,0,0
48,STRĂINĂTATE,ITALIA,9999,BOLOGNA,BOLOGNA,345,"Alegeri Prezidentiale prin corespondenta",1,0,13,12,1,12,12,0,12,12,0,9,1,2,0,0,0,0,0,0,0,0,0,0,0
48,STRĂINĂTATE,ITALIA,9999,CATANIA,CATANIA,371,"Alegeri Prezidentiale prin corespondenta",1,0,0,0,0,0,0,0,0,0,0,0,0,0,0,0,0,0,0,0,0,0,0,0,0
48,STRĂINĂTATE,ITALIA,9999,MILANO,MILANO,377,"Alegeri Prezidentiale prin corespondenta",2,0,5,4,1,0,0,0,5,4,1,3,0,1,0,0,0,0,0,0,0,0,0,0,0
48,STRĂINĂTATE,ITALIA,9999,TORINO,TORINO,397,"Alegeri Prezidentiale prin corespondenta",2,0,9,9,0,9,8,1,9,8,1,3,2,2,0,0,0,0,0,0,0,0,0,1,0
48,STRĂINĂTATE,JAPONIA,9999,TOKYO,TOKYO,432,"Alegeri Prezidentiale prin corespondenta",1,0,5,5,0,5,5,0,5,5,0,5,0,0,0,0,0,0,0,0,0,0,0,0,0
48,STRĂINĂTATE,KAZAHSTAN,9999,NUR-SULTAN,NUR-SULTAN,433,"Alegeri Prezidentiale prin corespondenta",3,0,1,1,0,1,1,0,1,1,0,0,1,0,0,0,0,0,0,0,0,0,0,0,0
48,STRĂINĂTATE,LUXEMBURG,9999,LUXEMBURG,LUXEMBURG,439,"Alegeri Prezidentiale prin corespondenta",1,0,82,81,1,77,77,0,77,77,0,26,5,44,0,0,1,0,0,0,0,0,0,0,1
48,STRĂINĂTATE,MALAEZIA,9999,"KUALA LUMPUR","KUALA LUMPUR",443,"Alegeri Prezidentiale prin corespondenta",1,0,3,3,0,3,3,0,3,3,0,0,0,2,0,0,0,0,0,0,0,0,1,0,0
48,STRĂINĂTATE,MAROC,9999,RABAT,RABAT,446,"Alegeri Prezidentiale prin corespondenta",2,0,2,2,0,2,1,1,1,1,0,0,0,1,0,0,0,0,0,0,0,0,0,0,0
48,STRĂINĂTATE,MEXIC,9999,"CIUDAD DE MÉXICO","CIUDAD DE MÉXICO",447,"Alegeri Prezidentiale prin corespondenta",1,0,3,3,0,3,2,1,3,2,1,1,0,1,0,0,0,0,0,0,0,0,0,0,0
48,STRĂINĂTATE,"REPUBLICA MOLDOVA",9999,CHIȘINĂU,CHIȘINĂU,448,"Alegeri Prezidentiale prin corespondenta",2,0,16,16,0,16,16,0,16,16,0,11,3,2,0,0,0,0,0,0,0,0,0,0,0
48,STRĂINĂTATE,"REPUBLICA MOLDOVA",9999,BĂLȚI,BĂLȚI,470,"Alegeri Prezidentiale prin corespondenta",1,0,0,0,0,0,0,0,0,0,0,0,0,0,0,0,0,0,0,0,0,0,0,0,0
48,STRĂINĂTATE,"REPUBLICA MOLDOVA",9999,UNGHENI,UNGHENI,472,"Alegeri Prezidentiale prin corespondenta",1,0,0,0,0,0,0,0,0,0,0,0,0,0,0,0,0,0,0,0,0,0,0,0,0
48,STRĂINĂTATE,"REPUBLICA MOLDOVA",9999,CAHUL,CAHUL,479,"Alegeri Prezidentiale prin corespondenta",2,0,1,1,0,1,1,0,1,1,0,1,0,0,0,0,0,0,0,0,0,0,0,0,0
48,STRĂINĂTATE,NORVEGIA,9999,OSLO,OSLO,486,"Alegeri Prezidentiale prin corespondenta",2,0,19,19,0,19,19,0,19,19,0,7,2,8,0,0,0,0,0,0,2,0,0,0,0
48,STRĂINĂTATE,OLANDA,9999,HAGA,HAGA,502,"Alegeri Prezidentiale prin corespondenta",2,0,99,97,2,97,95,2,95,95,0,34,4,51,0,1,0,0,0,0,4,0,1,0,0
48,STRĂINĂTATE,POLONIA,9999,VARŞOVIA,VARŞOVIA,526,"Alegeri Prezidentiale prin corespondenta",1,0,7,6,1,6,5,1,5,5,0,1,0,4,0,0,0,0,0,0,0,0,0,0,0
48,STRĂINĂTATE,PORTUGALIA,9999,LISABONA,LISABONA,530,"Alegeri Prezidentiale prin corespondenta",1,0,7,7,0,7,7,0,7,7,0,2,0,3,0,1,0,0,0,0,0,0,0,1,0
48,STRĂINĂTATE,QATAR,9999,DOHA,DOHA,539,"Alegeri Prezidentiale prin corespondenta",2,0,2,2,0,2,2,0,2,2,0,1,0,1,0,0,0,0,0,0,0,0,0,0,0
48,STRĂINĂTATE,"REGATUL UNIT AL MARII BRITANII SI IRLANDEI DE NORD",9999,LONDRA,LONDRA,542,"Alegeri Prezidentiale prin corespondenta",1,0,350,350,0,350,350,0,350,333,0,119,27,156,0,3,1,0,0,0,21,0,4,2,0
48,STRĂINĂTATE,"REGATUL UNIT AL MARII BRITANII SI IRLANDEI DE NORD",9999,MANCHESTER,MANCHESTER,585,"Alegeri Prezidentiale prin corespondenta",1,0,50,50,0,50,47,3,47,47,0,25,7,15,0,0,0,0,0,0,0,0,0,0,0
48,STRĂINĂTATE,"REGATUL UNIT AL MARII BRITANII SI IRLANDEI DE NORD",9999,EDINBURGH,EDINBURGH,604,"Alegeri Prezidentiale prin corespondenta",2,0,12,12,0,12,12,0,12,12,0,0,0,10,0,0,0,0,1,0,1,0,0,0,0
48,STRĂINĂTATE,"FEDERATIA RUSA",9999,MOSCOVA,MOSCOVA,612,"Alegeri Prezidentiale prin corespondenta",1,0,3,3,0,3,3,0,3,3,0,0,0,3,0,0,0,0,0,0,0,0,0,0,0
48,STRĂINĂTATE,SERBIA,9999,BELGRAD,BELGRAD,616,"Alegeri Prezidentiale prin corespondenta",1,0,1,1,0,1,1,0,1,1,0,1,0,0,0,0,0,0,0,0,0,0,0,0,0
48,STRĂINĂTATE,"REPUBLICA SINGAPORE",9999,SINGAPORE,SINGAPORE,620,"Alegeri Prezidentiale prin corespondenta",1,0,0,0,0,0,0,0,0,0,0,0,0,0,0,0,0,0,0,0,0,0,0,0,0
48,STRĂINĂTATE,SLOVACIA,9999,BRATISLAVA,BRATISLAVA,623,"Alegeri Prezidentiale prin corespondenta",3,0,1,1,0,1,1,0,1,1,0,0,0,1,0,0,0,0,0,0,0,0,0,0,0
48,STRĂINĂTATE,SPANIA,9999,MADRID,MADRID,624,"Alegeri Prezidentiale prin corespondenta",1,0,48,48,0,48,48,0,48,48,0,17,3,19,0,3,0,0,0,0,1,0,0,2,3
48,STRĂINĂTATE,SPANIA,9999,BARCELONA,BARCELONA,665,"Alegeri Prezidentiale prin corespondenta",1,0,0,0,0,0,0,0,0,0,0,0,0,0,0,0,0,0,0,0,0,0,0,0,0
48,STRĂINĂTATE,SPANIA,9999,SEVILLA,SEVILLA,686,"Alegeri Prezidentiale prin corespondenta",3,0,3,3,0,3,2,1,2,2,0,1,0,0,0,0,0,0,0,0,1,0,0,0,0
48,STRĂINĂTATE,SPANIA,9999,BILBAO,BILBAO,704,"Alegeri Prezidentiale prin corespondenta",2,0,5,5,0,5,5,0,5,5,0,0,2,3,0,0,0,0,0,0,0,0,0,0,0
48,STRĂINĂTATE,SPANIA,9999,ZARAGOZA,ZARAGOZA,717,"Alegeri Prezidentiale prin corespondenta",1,0,2,2,0,2,2,0,2,2,0,0,0,2,0,0,0,0,0,0,0,0,0,0,0
48,STRĂINĂTATE,SPANIA,9999,"CIUDAD REAL","CIUDAD REAL",723,"Alegeri Prezidentiale prin corespondenta",1,0,0,0,0,0,0,0,0,0,0,0,0,0,0,0,0,0,0,0,0,0,0,0,0
48,STRĂINĂTATE,SPANIA,9999,ALMERIA,ALMERIA,736,"Alegeri Prezidentiale prin corespondenta",1,0,8,8,0,8,8,0,8,8,0,3,1,0,0,0,3,0,0,0,0,0,0,0,1
48,STRĂINĂTATE,SPANIA,9999,"CASTELLON DE LA PLANA","CASTELLON DE LA PLANA",748,"Alegeri Prezidentiale prin corespondenta",1,0,25,25,0,25,20,5,20,20,0,15,0,1,0,0,0,0,1,0,0,0,3,0,0
48,STRĂINĂTATE,SUA,9999,"WASHINGTON D.C.","WASHINGTON D.C.",768,"Alegeri Prezidentiale prin corespondenta",1,0,24,24,0,24,22,2,22,22,0,9,5,6,0,0,0,0,0,0,2,0,0,0,0
48,STRĂINĂTATE,SUA,9999,"CHICAGO , ILLINOIS","CHICAGO , ILLINOIS",773,"Alegeri Prezidentiale prin corespondenta",1,0,7,7,0,7,7,0,7,7,0,4,1,2,0,0,0,0,0,0,0,0,0,0,0
48,STRĂINĂTATE,SUA,9999,"LOS ANGELES , CALIFORNIA","LOS ANGELES , CALIFORNIA",783,"Alegeri Prezidentiale prin corespondenta",2,0,14,14,0,14,14,0,14,14,0,9,2,3,0,0,0,0,0,0,0,0,0,0,0
48,STRĂINĂTATE,SUA,9999,"MIAMI, FLORIDA","MIAMI, FLORIDA",794,"Alegeri Prezidentiale prin corespondenta",1,0,5,5,0,5,5,0,5,5,0,3,1,1,0,0,0,0,0,0,0,0,0,0,0
48,STRĂINĂTATE,SUA,9999,"NEW YORK","NEW YORK",800,"Alegeri Prezidentiale prin corespondenta",1,0,25,24,1,24,24,0,24,24,0,11,2,11,0,0,0,0,0,0,0,0,0,0,0
48,STRĂINĂTATE,SUEDIA,9999,STOCKHOLM,STOCKHOLM,807,"Alegeri Prezidentiale prin corespondenta",2,0,47,47,0,47,47,0,47,47,0,18,1,28,0,0,0,0,0,0,0,0,0,0,0
48,STRĂINĂTATE,TURCIA,9999,ANKARA,ANKARA,816,"Alegeri Prezidentiale prin corespondenta",1,0,1,1,0,1,1,0,1,1,0,0,0,1,0,0,0,0,0,0,0,0,0,0,0
48,STRĂINĂTATE,TURCIA,9999,IZMIR,IZMIR,817,"Alegeri Prezidentiale prin corespondenta",1,0,0,0,0,0,0,0,0,0,0,0,0,0,0,0,0,0,0,0,0,0,0,0,0
48,STRĂINĂTATE,TURCIA,9999,ISTANBUL,ISTANBUL,818,"Alegeri Prezidentiale prin corespondenta",2,0,0,0,0,0,0,0,0,0,0,0,0,0,0,0,0,0,0,0,0,0,0,0,0
48,STRĂINĂTATE,UCRAINA,9999,KIEV,KIEV,821,"Alegeri Prezidentiale prin corespondenta",1,0,1,1,0,1,1,0,1,1,0,0,0,1,0,0,0,0,0,0,0,0,0,0,0
48,STRĂINĂTATE,UNGARIA,9999,BUDAPESTA,BUDAPESTA,825,"Alegeri Prezidentiale prin corespondenta",2,0,2,2,0,2,2,0,2,2,0,1,0,1,0,0,0,0,0,0,0,0,0,0,0
48,STRĂINĂTATE,UNGARIA,9999,GYULA,GYULA,829,"Alegeri Prezidentiale prin corespondenta",2,0,0,0,0,0,0,0,0,0,0,0,0,0,0,0,0,0,0,0,0,0,0,0,0
48,STRĂINĂTATE,UNGARIA,9999,SZEGED,SZEGED,830,"Alegeri Prezidentiale prin corespondenta",1,0,0,0,0,0,0,0,0,0,0,0,0,0,0,0,0,0,0,0,0,0,0,0,0
48,STRĂINĂTATE,VIETNAM,9999,HANOI,HANOI,834,"Alegeri Prezidentiale prin corespondenta",1,0,1,1,0,1,1,0,1,1,0,1,0,0,0,0,0,0,0,0,0,0,0,0,0
